title,link
"Software Engineer, SVOD (L6)",https://jobs.netflix.com/jobs/333935357
"Software Engineer, L5, Video Algorithms",https://jobs.netflix.com/jobs/321244769
Software Engineer (L5) - Consumer Engineering,https://jobs.netflix.com/jobs/325129023
Software Engineer (L4) - Consumer Engineering,https://jobs.netflix.com/jobs/325129024
Software Engineer 5 - TV Player,https://jobs.netflix.com/jobs/330111064
Software Engineer (L4) - Resilience Engineering,https://jobs.netflix.com/jobs/328985362
Software Engineer (L5) - Experimentation Platform,https://jobs.netflix.com/jobs/335228595
Senior Software Engineer - Web Foundations,https://jobs.netflix.com/jobs/337541327
Software Engineer 5 - Streaming Algorithms,https://jobs.netflix.com/jobs/336026891
Software Engineer (L5) - OCA Apps,https://jobs.netflix.com/jobs/336730238
"Security Software Engineer (L5), DDoS",https://jobs.netflix.com/jobs/313141889
Senior Software Engineer - Automation Platform,https://jobs.netflix.com/jobs/333998540
Software Engineer (L6) - Live Observability,https://jobs.netflix.com/jobs/335172097
"Software Engineer (L4), Content Engineering",https://jobs.netflix.com/jobs/335026565
"Software Engineer (5), Membership Engineering",https://jobs.netflix.com/jobs/307402013
Software Engineer L6 - Edge Server Platform Security,https://jobs.netflix.com/jobs/336230207
Software Engineer L6 - Operating System Security Development,https://jobs.netflix.com/jobs/336233164
Software Engineer (L5) - Developer Enablement Tooling,https://jobs.netflix.com/jobs/337456021
Software Engineer (L5) - Cloud Games Platform,https://jobs.netflix.com/jobs/338572318
"UI Engineer (L4), Growth Product Experiences",https://jobs.netflix.com/jobs/337747664
